{
    "input": {
        "width": 3584,
        "height": 1792,
        "path": "equirectangular"
    },
    "output": {
        "width": 480,
        "height": 480,
        "path": "stereographic"
    },
    "interpolation": "natural-spline",
    "keyFrames": {
        "000.jpg": {
            "fov": 60,
            "roll": -169.197889441657,
            "pitch": -26.8529158401883,
            "yaw": -25.1449433873378
        },
        "009.jpg": {
            "roll": -171.949756095574,
            "pitch": -22.5015358467959,
            "yaw": -43.6716867835054
        },
        "059.jpg": {
            "fov": 160,
            "roll": 179.093824105022,
            "pitch": -1.11563879851331,
            "yaw": 178.391166574832
        },
        "194.jpg": {
            "fov": 300,
            "roll": -159.925526438005,
            "pitch": 7.898149876898,
            "yaw": 2.45317484182013
        }
    }
}
